;coordinates;geometry
0;origin;POINT (114691.60711162174 485961.69358526997)
1;destination;POINT (114429.85226491044 485506.8781718672)
