;coordinates;geometry
0;origin;POINT (114981.67420826115 485412.51839385956)
1;destination;POINT (114588.31398532525 485368.8312673588)
