;coordinates;geometry
0;origin;POINT (114958.62373079787 485170.561092898)
1;destination;POINT (114732.49025737686 484765.32597708877)
