;coordinates;geometry
0;origin;POINT (114900.51585537747 485310.7186223019)
1;destination;POINT (114320.03922524849 485920.8057984108)
