;coordinates;geometry
0;origin;POINT (114682.86115199844 485177.97958759783)
1;destination;POINT (114579.50733322756 484773.47345652524)
