;coordinates;geometry
0;origin;POINT (114508.9434245014 485270.82604439626)
1;destination;POINT (114974.32001314907 485175.419927972)
