;coordinates;geometry
0;origin;POINT (114182.13265273826 486143.5376884411)
1;destination;POINT (114556.1380766578 486263.6173078975)
