;coordinates;geometry
0;origin;POINT (114676.64554753537 485509.1780746183)
1;destination;POINT (114606.85562547889 485555.90996475425)
