;coordinates;geometry
0;origin;POINT (114775.61203013254 486042.7038556647)
1;destination;POINT (114099.42694121222 486245.00087390223)
