;coordinates;geometry
0;origin;POINT (114801.00477824638 485883.17165459844)
1;destination;POINT (114366.000080592 485624.0004592007)
