;coordinates;geometry
0;origin;POINT (114099.42694121222 486245.00087390223)
1;destination;POINT (114974.57043783467 485451.5658959206)
