;coordinates;geometry
0;origin;POINT (114867.75325156885 485094.5987532611)
1;destination;POINT (115214.30230388322 484783.04053051263)
