;coordinates;geometry
0;origin;POINT (114610.56971369151 485562.81984384847)
1;destination;POINT (115054.97059392909 485227.85433433094)
