;coordinates;geometry
0;origin;POINT (114777.31503726431 486044.08875937277)
1;destination;POINT (114523.21147985705 485969.4326599709)
