;coordinates;geometry
0;origin;POINT (114380.9071798601 486340.53097179753)
1;destination;POINT (115054.09269652159 484922.39151470334)
