;coordinates;geometry
0;origin;POINT (114792.43845307319 485812.7818234847)
1;destination;POINT (114862.860946753 485720.08292264485)
