;coordinates;geometry
0;origin;POINT (114474.68251118906 485325.23759903974)
1;destination;POINT (114809.25885992114 485315.5270420355)
