;coordinates;geometry
0;origin;POINT (114566.58126249336 485596.3759268344)
1;destination;POINT (114594.35803621584 485785.20739647717)
