;coordinates;geometry
0;origin;POINT (114838.33767078893 484896.3754327217)
1;destination;POINT (114693.16636093428 484527.92123698344)
