;coordinates;geometry
0;origin;POINT (114689.84989296942 486009.5689029505)
1;destination;POINT (114579.50733322756 484773.47345652524)
