;coordinates;geometry
0;origin;POINT (114579.50733322756 484773.47345652524)
1;destination;POINT (114719.72705464582 485057.0825506815)
