;coordinates;geometry
0;origin;POINT (114852.15585432277 484610.02635882044)
1;destination;POINT (114690.6067208422 484527.38616238267)
