;coordinates;geometry
0;origin;POINT (114528.71748741808 485589.38883235323)
1;destination;POINT (114657.25094899701 485625.9582477563)
